rec_id_recolector,rec_cuil_cuit,rec_nombre,rec_apellido,rec_id_estado_civil,rec_fecha_inicio,rec_telefono,rec_email,rec_direccion
1,9773723887,Herminia,Hevner,3,2021-01-24,6639558939,hhevner0@arizona.edu,2063 Oneill Plaza
2,8542412125,Marlene,Demsey,4,2018-05-09,6008575534,mdemsey1@soundcloud.com,3120 Fairfield Park
3,8028008968,Jillayne,Mille,5,2020-08-07,4824836987,jmille2@si.edu,9 Express Circle
4,9772574969,Kendricks,Burdin,2,2018-10-28,9584956769,kburdin3@feedburner.com,099 Columbus Drive
5,0925404829,Lanie,Anthoine,5,2021-04-18,9566815046,lanthoine4@unblog.fr,0539 Division Lane
6,3681124663,Jesus,Faithfull,3,2022-03-11,3685692877,jfaithfull5@usgs.gov,7589 Melby Drive
7,5437090994,Golda,McKeaveney,3,2022-05-18,8898506391,gmckeaveney6@ocn.ne.jp,0 Golden Leaf Pass
8,8049544044,Anette,Beldan,5,2019-10-04,5909292304,abeldan7@cisco.com,83 Magdeline Place
9,8342734315,Anne-corinne,Grinsdale,3,2019-07-24,1061330096,agrinsdale8@sun.com,0721 Londonderry Junction
10,8706241212,Boyd,Luckin,5,2019-03-01,7407069981,bluckin9@com.com,5 Mariners Cove Drive
11,8747093005,Celie,Klimus,4,2019-03-03,9637517489,cklimusa@macromedia.com,813 Grover Center
12,1388634864,Lorette,Sarch,5,2022-03-05,4342689940,lsarchb@unicef.org,1 West Plaza
13,7831609962,Tadeo,Bagnal,3,2019-08-24,6109729740,tbagnalc@sciencedaily.com,1 Nevada Crossing
14,4031635516,Floris,Meneur,1,2020-11-29,8952888127,fmeneurd@pinterest.com,4 Butternut Road
15,1181838320,Steward,Fishly,5,2019-07-18,1592384066,sfishlye@latimes.com,6330 Bashford Place
16,6125541436,Nicolina,Disdel,1,2018-07-13,2486564941,ndisdelf@networksolutions.com,605 Annamark Trail
17,5197138378,Eda,Chene,1,2018-04-11,3683101688,echeneg@europa.eu,00 Tennessee Hill
18,9568640088,Gael,Keyhoe,5,2017-12-02,7518988044,gkeyhoeh@istockphoto.com,7 Melrose Parkway
19,5817882477,Zerk,Bigrigg,3,2020-04-24,9179367970,zbigriggi@altervista.org,84 Holy Cross Place
20,6349547306,Derby,Stobbie,4,2020-01-20,1592012917,dstobbiej@cdc.gov,293 Thackeray Pass
21,2397647400,Dudley,Wroe,2,2022-05-15,7056140931,dwroek@newyorker.com,685 Eastlawn Point
22,6443726553,Foss,Chappelow,2,2020-04-16,5477746034,fchappelowl@usnews.com,90157 Center Parkway
23,3832707751,Loise,Brayne,2,2019-11-30,3809718054,lbraynem@creativecommons.org,713 Hagan Drive
24,2830338634,Newton,Yirrell,4,2021-11-12,7834940344,nyirrelln@cam.ac.uk,413 Atwood Lane
25,5416579978,Wilfrid,Meiningen,2,2020-05-26,1039869163,wmeiningeno@pbs.org,0910 Fair Oaks Lane
26,7880973990,Tynan,Fillis,1,2020-10-09,6803212212,tfillisp@weibo.com,444 Pierstorff Place
27,5982991570,Syman,Sondon,5,2017-10-27,7019736998,ssondonq@myspace.com,3 Eastwood Point
28,9044677225,Darice,Boord,1,2022-06-25,7874880958,dboordr@hud.gov,94 Center Point
29,2972438515,Devon,Klisch,4,2018-07-14,1192531923,dklischs@amazonaws.com,2968 Mesta Pass
30,2605895939,Ricca,Trusler,1,2022-04-01,4006607775,rtruslert@cargocollective.com,82 Mallard Junction
31,5447996783,Findlay,Englishby,4,2018-10-15,5039059803,fenglishbyu@cdbaby.com,2 Sutherland Plaza
32,3715598441,Charla,Mungane,4,2019-10-30,5674568126,cmunganev@amazon.com,451 Troy Place
33,6616600726,Thelma,Eteen,4,2022-01-06,6034867811,teteenw@wisc.edu,95 Huxley Drive
34,8926820831,Viki,Townsend,1,2021-06-18,5351416693,vtownsendx@edublogs.org,30806 Bayside Alley
35,2612625453,Rodi,Grishechkin,3,2019-02-01,1875441462,rgrishechkiny@last.fm,9704 Delladonna Plaza
36,3140210884,Zola,McMillian,4,2018-11-09,9401717486,zmcmillianz@intel.com,11 Gateway Trail
37,6901125178,Lorin,Dyment,4,2019-02-12,7037865768,ldyment10@naver.com,88 Briar Crest Way
38,4616613567,Osborne,Senechault,2,2019-07-25,6859650285,osenechault11@wunderground.com,05203 Linden Crossing
39,9958845393,Haslett,Maass,1,2018-03-24,1989289717,hmaass12@cam.ac.uk,2 Homewood Court
40,8888399518,Gerrard,Ganter,1,2019-07-28,7428839639,gganter13@bluehost.com,4 Lyons Junction
41,5892492370,Rois,Mcsarry,1,2021-10-31,7838381692,rmcsarry14@forbes.com,66967 Mccormick Center
42,5144749801,Romeo,Blinder,1,2021-04-15,9066350656,rblinder15@sun.com,7 Pepper Wood Park
43,9470794176,Dianne,Supple,2,2021-01-14,2081369103,dsupple16@homestead.com,2329 Marcy Hill
44,7346526406,Deanna,Norsworthy,3,2021-01-04,3231677222,dnorsworthy17@mit.edu,86284 Mandrake Crossing
45,8732133677,Darlene,Levi,5,2018-09-28,7195986926,dlevi18@cornell.edu,4 Dryden Way
46,9892833236,Danette,Klouz,2,2019-01-22,6901628532,dklouz19@google.co.jp,30 Susan Park
47,7311634644,Lottie,Crebott,5,2018-07-13,5783613030,lcrebott1a@webmd.com,2 Pierstorff Drive
48,5239052891,Niall,Andrich,4,2020-05-11,1266677194,nandrich1b@gizmodo.com,4 Crowley Point
49,0660130475,Glynnis,Lillicrap,3,2019-04-08,7075829015,glillicrap1c@walmart.com,38 Sutherland Place
50,5083028123,Liana,Aikett,2,2022-01-19,9893596753,laikett1d@hp.com,4242 Sunbrook Drive
51,8187342722,Sally,Sperwell,3,2019-06-02,3527060154,ssperwell1e@kickstarter.com,56103 Reinke Place
52,8102145617,Jonas,Sollowaye,4,2022-02-28,6912411742,jsollowaye1f@utexas.edu,9850 Redwing Place
53,3815497922,Galven,McFetrich,4,2022-07-12,7741230927,gmcfetrich1g@rediff.com,1 Heath Junction
54,2996759516,Errick,Ruddiforth,3,2022-02-25,1375968331,eruddiforth1h@acquirethisname.com,7933 Messerschmidt Crossing
55,6202472480,Perl,Cabel,2,2019-09-30,5806523829,pcabel1i@si.edu,6 Upham Point
56,0948491191,Nertie,Pacey,5,2020-10-12,9224879584,npacey1j@army.mil,2726 Crownhardt Drive
57,6043980940,Barbette,Huff,3,2021-05-14,1748297669,bhuff1k@merriam-webster.com,1055 Prairie Rose Court
58,9299928215,Alva,Pinching,5,2020-11-20,4786484467,apinching1l@nature.com,620 Union Crossing
59,9150776681,Claudetta,Weatherhead,5,2019-01-16,7618404285,cweatherhead1m@fema.gov,6472 Sherman Alley
60,7828669518,Guglielmo,Marzelli,5,2021-07-10,5611241445,gmarzelli1n@github.com,3 Vidon Point
61,1767066120,Antone,Sumnall,4,2021-01-20,5937774837,asumnall1o@usgs.gov,21 Almo Terrace
62,8005358857,Federica,Deadman,5,2018-01-02,7628073959,fdeadman1p@about.com,24666 Bonner Street
63,6495820577,Susanna,Snooks,1,2019-02-23,9147905901,ssnooks1q@indiegogo.com,390 Spenser Parkway
64,4678777458,Lianne,Tregea,4,2019-08-09,5189878280,ltregea1r@noaa.gov,127 Surrey Avenue
65,4112770731,Rod,De Hoogh,3,2018-08-21,8316701537,rdehoogh1s@marriott.com,32 Dorton Junction
66,8522877394,Demetri,Elis,5,2018-02-12,4221511694,delis1t@webnode.com,8033 Logan Junction
67,8601203043,Ginelle,Lattimore,4,2021-07-24,4821315825,glattimore1u@about.me,922 Steensland Place
68,1744202559,Jaimie,Stannion,2,2018-04-01,7338396190,jstannion1v@macromedia.com,00068 Derek Terrace
69,5835870515,Gregory,Goldhawk,3,2020-09-25,7815028773,ggoldhawk1w@ibm.com,884 Shoshone Circle
70,1446970914,Sharla,Dudderidge,3,2021-05-24,9229394299,sdudderidge1x@histats.com,37016 Havey Park
71,2982937689,Zollie,McGarrell,4,2019-06-22,2846035145,zmcgarrell1y@cornell.edu,60 Hooker Parkway
72,1999498402,Shelby,Kemitt,5,2019-03-23,2307101354,skemitt1z@squidoo.com,5181 Hooker Hill
73,2552441289,Eugenio,Heberden,4,2018-11-18,1472815794,eheberden20@sitemeter.com,62 Independence Center
74,6707538578,Rori,Bachman,3,2022-03-19,6487778339,rbachman21@csmonitor.com,3099 Upham Drive
75,1115354108,Georgeanne,Bartoletti,1,2022-05-07,5815523864,gbartoletti22@squarespace.com,21 Old Gate Place
76,4626216498,Tiffie,Eyer,1,2018-02-28,7021061424,teyer23@goodreads.com,69137 Fisk Way
77,2357649313,Steven,Fellgett,5,2021-05-16,1226185680,sfellgett24@nasa.gov,85 Mayfield Hill
78,9805521354,Marybeth,Malins,3,2021-11-04,1261925233,mmalins25@bizjournals.com,4593 Upham Alley
79,6354389381,Ave,Hards,1,2019-09-03,9953274153,ahards26@kickstarter.com,331 Warrior Road
80,4994737533,Tandi,Bidnall,4,2020-02-08,6026636265,tbidnall27@lycos.com,59 Acker Avenue
